{
  "IcoMoonType": "selection",
  "icons": [
    {
      "icon": {
        "paths": [
          "M726 554v-84h-172v-172h-84v172h-172v84h172v172h84v-172h172zM512 86q176 0 301 125t125 301-125 301-301 125-301-125-125-301 125-301 301-125z"
        ],
        "attrs": [
          {}
        ],
        "isMulticolor": false,
        "isMulticolor2": false,
        "grid": 0,
        "tags": [
          "add_circle"
        ]
      },
      "attrs": [
        {}
      ],
      "properties": {
        "order": 32,
        "id": 9,
        "name": "add_circle",
        "prevSize": 32,
        "code": 59651
      },
      "setIdx": 0,
      "setId": 7,
      "iconIdx": 0
    },
    {
      "icon": {
        "paths": [
          "M246.784 468.309l443.051-442.709c24.917-24.917 62.464-24.917 87.381 0s24.917 62.464 0 87.381l-399.36 399.36 399.36 399.36c24.917 24.917 24.917 62.464 0 87.381s-62.464 24.917-87.381 0l-443.051-443.392c-24.917-24.917-24.917-62.464 0-87.381z"
        ],
        "attrs": [
          {}
        ],
        "isMulticolor": false,
        "isMulticolor2": false,
        "grid": 0,
        "tags": [
          "arrow_lift"
        ]
      },
      "attrs": [
        {}
      ],
      "properties": {
        "order": 33,
        "id": 8,
        "name": "arrow_lift",
        "prevSize": 32,
        "code": 59652
      },
      "setIdx": 0,
      "setId": 7,
      "iconIdx": 1
    },
    {
      "icon": {
        "paths": [
          "M426 726l384-384-60-62-324 324-152-152-60 60zM512 86q176 0 301 125t125 301-125 301-301 125-301-125-125-301 125-301 301-125z"
        ],
        "attrs": [
          {}
        ],
        "isMulticolor": false,
        "isMulticolor2": false,
        "grid": 0,
        "tags": [
          "check_circle"
        ]
      },
      "attrs": [
        {}
      ],
      "properties": {
        "order": 34,
        "id": 7,
        "name": "check_circle",
        "prevSize": 32,
        "code": 59653
      },
      "setIdx": 0,
      "setId": 7,
      "iconIdx": 2
    },
    {
      "icon": {
        "paths": [
          "M810 274l-238 238 238 238-60 60-238-238-238 238-60-60 238-238-238-238 60-60 238 238 238-238z"
        ],
        "attrs": [
          {}
        ],
        "isMulticolor": false,
        "isMulticolor2": false,
        "grid": 0,
        "tags": [
          "close"
        ]
      },
      "attrs": [
        {}
      ],
      "properties": {
        "order": 35,
        "id": 6,
        "name": "close",
        "prevSize": 32,
        "code": 59654
      },
      "setIdx": 0,
      "setId": 7,
      "iconIdx": 3
    },
    {
      "icon": {
        "paths": [
          "M512 910l-62-56c-220-200-364-330-364-492 0-132 102-234 234-234 74 0 146 36 192 90 46-54 118-90 192-90 132 0 234 102 234 234 0 162-144 294-364 494z"
        ],
        "attrs": [
          {}
        ],
        "isMulticolor": false,
        "isMulticolor2": false,
        "grid": 0,
        "tags": [
          "favorite"
        ]
      },
      "attrs": [
        {}
      ],
      "properties": {
        "order": 36,
        "id": 5,
        "name": "favorite",
        "prevSize": 32,
        "code": 59655
      },
      "setIdx": 0,
      "setId": 7,
      "iconIdx": 4
    },
    {
      "icon": {
        "paths": [
          "M366 698l196-196-196-196 60-60 256 256-256 256z"
        ],
        "attrs": [
          {}
        ],
        "isMulticolor": false,
        "isMulticolor2": false,
        "grid": 0,
        "tags": [
          "keyboard_arrow_right"
        ]
      },
      "attrs": [
        {}
      ],
      "properties": {
        "order": 37,
        "id": 4,
        "name": "keyboard_arrow_right",
        "prevSize": 32,
        "code": 59656
      },
      "setIdx": 0,
      "setId": 7,
      "iconIdx": 5
    },
    {
      "icon": {
        "paths": [
          "M512 854q140 0 241-101t101-241-101-241-241-101-241 101-101 241 101 241 241 101zM512 86q176 0 301 125t125 301-125 301-301 125-301-125-125-301 125-301 301-125zM298 470h428v84h-428v-84z"
        ],
        "attrs": [
          {}
        ],
        "isMulticolor": false,
        "isMulticolor2": false,
        "grid": 0,
        "tags": [
          "remove_circle_outline"
        ]
      },
      "attrs": [
        {}
      ],
      "properties": {
        "order": 38,
        "id": 3,
        "name": "remove_circle_outline",
        "prevSize": 32,
        "code": 59657
      },
      "setIdx": 0,
      "setId": 7,
      "iconIdx": 6
    },
    {
      "icon": {
        "paths": [
          "M726 768q34 0 59 26t25 60-25 59-59 25-60-25-26-59 26-60 60-26zM42 86h140l40 84h632q18 0 30 13t12 31q0 10-6 20l-152 276q-24 44-74 44h-318l-38 70-2 6q0 10 10 10h494v86h-512q-34 0-59-26t-25-60q0-20 10-40l58-106-154-324h-86v-84zM298 768q34 0 60 26t26 60-26 59-60 25-59-25-25-59 25-60 59-26z"
        ],
        "attrs": [
          {}
        ],
        "isMulticolor": false,
        "isMulticolor2": false,
        "grid": 0,
        "tags": [
          "shopping_cart"
        ]
      },
      "attrs": [
        {}
      ],
      "properties": {
        "order": 39,
        "id": 2,
        "name": "shopping_cart",
        "prevSize": 32,
        "code": 59658
      },
      "setIdx": 0,
      "setId": 7,
      "iconIdx": 7
    },
    {
      "icon": {
        "paths": [
          "M810 128h172v512h-172v-512zM640 128q34 0 60 26t26 60v426q0 34-26 60l-280 282-46-46q-18-18-18-44v-14l42-196h-270q-34 0-60-25t-26-59l2-4h-2v-82q0-16 6-32l130-300q20-52 78-52h384z"
        ],
        "attrs": [
          {}
        ],
        "isMulticolor": false,
        "isMulticolor2": false,
        "grid": 0,
        "tags": [
          "thumb_down"
        ]
      },
      "attrs": [
        {}
      ],
      "properties": {
        "order": 40,
        "id": 1,
        "name": "thumb_down",
        "prevSize": 32,
        "code": 59659
      },
      "setIdx": 0,
      "setId": 7,
      "iconIdx": 8
    },
    {
      "icon": {
        "paths": [
          "M982 426l-2 4h2v82q0 16-6 32l-130 300q-20 52-78 52h-384q-34 0-60-26t-26-60v-426q0-34 26-60l280-282 46 46q18 18 18 44v14l-42 196h270q34 0 60 25t26 59zM42 896v-512h172v512h-172z"
        ],
        "attrs": [
          {}
        ],
        "isMulticolor": false,
        "isMulticolor2": false,
        "grid": 0,
        "tags": [
          "thumb_up"
        ]
      },
      "attrs": [
        {}
      ],
      "properties": {
        "order": 41,
        "id": 0,
        "name": "thumb_up",
        "prevSize": 32,
        "code": 59660
      },
      "setIdx": 0,
      "setId": 7,
      "iconIdx": 9
    },
    {
      "icon": {
        "paths": [
          "M512 554c114 0 342 58 342 172v128h-684v-128c0-114 228-172 342-172zM512 170c94 0 170 78 170 172s-76 170-170 170-170-76-170-170 76-172 170-172zM512 636c-126 0-260 62-260 90v46h520v-46c0-28-134-90-260-90zM512 252c-50 0-90 40-90 90s40 88 90 88 90-38 90-88-40-90-90-90z"
        ],
        "attrs": [],
        "isMulticolor": false,
        "isMulticolor2": false,
        "tags": [
          "person_outline"
        ],
        "defaultCode": 59391,
        "grid": 24
      },
      "attrs": [],
      "properties": {
        "ligatures": "perm_identity, person_outline",
        "id": 553,
        "order": 30,
        "prevSize": 24,
        "code": 59391,
        "name": "person_outline"
      },
      "setIdx": 1,
      "setId": 6,
      "iconIdx": 553
    },
    {
      "icon": {
        "paths": [
          "M512 598c114 0 342 56 342 170v86h-684v-86c0-114 228-170 342-170zM512 512c-94 0-170-76-170-170s76-172 170-172 170 78 170 172-76 170-170 170z"
        ],
        "attrs": [],
        "isMulticolor": false,
        "isMulticolor2": false,
        "tags": [
          "person"
        ],
        "defaultCode": 59389,
        "grid": 24
      },
      "attrs": [],
      "properties": {
        "ligatures": "person",
        "id": 557,
        "order": 31,
        "prevSize": 24,
        "code": 59389,
        "name": "person"
      },
      "setIdx": 1,
      "setId": 6,
      "iconIdx": 557
    },
    {
      "icon": {
        "paths": [
          "M511.957 0c-214.485 0-388.395 173.909-388.395 388.437 0 214.571 305.067 635.563 388.437 635.563 61.653 0 388.48-420.992 388.48-635.563-0.043-214.528-173.952-388.437-388.523-388.437zM510.208 579.584c-109.013 0-197.333-88.32-197.333-197.333s88.32-197.333 197.333-197.333 197.333 88.32 197.333 197.333-88.32 197.333-197.333 197.333z"
        ],
        "attrs": [],
        "isMulticolor": false,
        "isMulticolor2": false,
        "tags": [
          "map marker",
          "pin",
          "locaiton",
          "marker"
        ],
        "grid": 24
      },
      "attrs": [],
      "properties": {
        "id": 115,
        "order": 6,
        "prevSize": 24,
        "code": 59648,
        "name": "mapmarker"
      },
      "setIdx": 3,
      "setId": 4,
      "iconIdx": 114
    },
    {
      "icon": {
        "paths": [
          "M977.067 110.933c-8.533-17.067-21.333-25.6-38.4-25.6h-853.333c-17.067 0-29.867 8.533-38.4 25.6-8.533 12.8-4.267 29.867 4.267 42.667l332.8 392.533v264.533c0 17.067 8.533 29.867 25.6 38.4l170.667 85.333c4.267 4.267 8.533 4.267 17.067 4.267s17.067 0 21.333-4.267c12.8-8.533 21.333-21.333 21.333-38.4v-349.867l332.8-392.533c8.533-12.8 12.8-29.867 4.267-42.667zM563.2 503.467c-4.267 8.533-8.533 17.067-8.533 29.867v294.4l-85.333-42.667v-251.733c0-8.533-4.267-21.333-8.533-25.6l-281.6-337.067h669.867l-285.867 332.8z"
        ],
        "attrs": [],
        "isMulticolor": false,
        "isMulticolor2": false,
        "tags": [
          "filter"
        ],
        "grid": 24
      },
      "attrs": [],
      "properties": {
        "id": 94,
        "order": 12,
        "prevSize": 24,
        "code": 59649,
        "name": "filter"
      },
      "setIdx": 4,
      "setId": 2,
      "iconIdx": 93
    },
    {
      "icon": {
        "paths": [
          "M192 0v1024l640-511.264-640-512.736z"
        ],
        "attrs": [],
        "isMulticolor": false,
        "isMulticolor2": false,
        "tags": [
          "play",
          "media control"
        ],
        "grid": 16
      },
      "attrs": [],
      "properties": {
        "id": 35,
        "order": 28,
        "prevSize": 32,
        "code": 59650,
        "name": "play"
      },
      "setIdx": 2,
      "setId": 5,
      "iconIdx": 34
    },
    {
      "icon": {
        "paths": [
          "M992.262 871.396l-242.552-206.294c-25.074-22.566-51.89-32.926-73.552-31.926 57.256-67.068 91.842-154.078 91.842-249.176 0-212.078-171.922-384-384-384-212.076 0-384 171.922-384 384s171.922 384 384 384c95.098 0 182.108-34.586 249.176-91.844-1 21.662 9.36 48.478 31.926 73.552l206.294 242.552c35.322 39.246 93.022 42.554 128.22 7.356s31.892-92.898-7.354-128.22zM384 640c-141.384 0-256-114.616-256-256s114.616-256 256-256 256 114.616 256 256-114.614 256-256 256z"
        ],
        "tags": [
          "search",
          "magnifier",
          "magnifying-glass",
          "inspect",
          "find"
        ],
        "defaultCode": 59782,
        "grid": 16,
        "attrs": []
      },
      "attrs": [],
      "properties": {
        "ligatures": "search, magnifier",
        "name": "search",
        "order": 7,
        "id": 135,
        "prevSize": 32,
        "code": 59782
      },
      "setIdx": 5,
      "setId": 1,
      "iconIdx": 134
    },
    {
      "icon": {
        "paths": [
          "M0 768h1024v128h-1024zM512 128l512 512h-1024z"
        ],
        "tags": [
          "eject",
          "player"
        ],
        "defaultCode": 59941,
        "grid": 16,
        "attrs": []
      },
      "attrs": [],
      "properties": {
        "ligatures": "eject, player17",
        "name": "eject",
        "order": 17,
        "id": 294,
        "prevSize": 32,
        "code": 59941
      },
      "setIdx": 5,
      "setId": 1,
      "iconIdx": 293
    }
  ],
  "height": 1024,
  "metadata": {
    "name": "ele-icon"
  },
  "preferences": {
    "showGlyphs": true,
    "showQuickUse": true,
    "showQuickUse2": true,
    "showSVGs": true,
    "fontPref": {
      "prefix": "ele-icon-",
      "metadata": {
        "fontFamily": "ele-icon",
        "majorVersion": 1,
        "minorVersion": 0
      },
      "metrics": {
        "emSize": 1024,
        "baseline": 6.25,
        "whitespace": 50
      },
      "embed": false
    },
    "imagePref": {
      "prefix": "icon-",
      "png": true,
      "useClassSelector": true,
      "color": 0,
      "bgColor": 16777215,
      "classSelector": ".icon"
    },
    "historySize": 50,
    "showCodes": true,
    "gridSize": 16
  }
}